<?xml version="1.0" encoding="UTF-8"?>
<metadata xml:lang="en"><Esri><CreaDate>20161101</CreaDate><CreaTime>11561200</CreaTime><ArcGISFormat>1.0</ArcGISFormat><SyncOnce>FALSE</SyncOnce><DataProperties><itemProps><itemLocation><linkage Sync="TRUE">file://\\ARSENAL\SHARED\OPEX\Projects\NYC_Open_Data\_Deliverables\1b_ReleaseDrafts\TreesCount_2015_StreetTreeCensus\Fix_NTA_Name\SHP\2015StreetTreesCensus_TREES.shp</linkage><protocol Sync="TRUE">Local Area Network</protocol></itemLocation><itemName Sync="TRUE">2015StreetTreesCensus_TREES</itemName><imsContentType Sync="TRUE">002</imsContentType><itemSize Sync="TRUE">0.000</itemSize></itemProps><copyHistory><copy source="J:\ENVSERV\GIS\GIS_Projects\Tree_Census_2015\Projects\Census_2015CompletionEvent\DATA\SHP\OpenData\ODP_2015StreetTreesCensus_TREES" dest="\\OLMSTED\SHARED\ENVSERV\GIS\GIS_Projects\Tree_Census_2015\Projects\Census_2015CompletionEvent\FOR_IPM\SHP\ODP_2015StreetTreesCensus_TREES" date="20161101" time="11561200"></copy></copyHistory><coordRef><type Sync="TRUE">Projected</type><geogcsn Sync="TRUE">GCS_North_American_1983</geogcsn><csUnits Sync="TRUE">Linear Unit: Foot_US (0.304801)</csUnits><projcsn Sync="TRUE">NAD_1983_StatePlane_New_York_Long_Island_FIPS_3104_Feet</projcsn><peXml Sync="TRUE">&lt;ProjectedCoordinateSystem xsi:type='typens:ProjectedCoordinateSystem' xmlns:xsi='http://www.w3.org/2001/XMLSchema-instance' xmlns:xs='http://www.w3.org/2001/XMLSchema' xmlns:typens='http://www.esri.com/schemas/ArcGIS/10.1'&gt;&lt;WKT&gt;PROJCS[&amp;quot;NAD_1983_StatePlane_New_York_Long_Island_FIPS_3104_Feet&amp;quot;,GEOGCS[&amp;quot;GCS_North_American_1983&amp;quot;,DATUM[&amp;quot;D_North_American_1983&amp;quot;,SPHEROID[&amp;quot;GRS_1980&amp;quot;,6378137.0,298.257222101]],PRIMEM[&amp;quot;Greenwich&amp;quot;,0.0],UNIT[&amp;quot;Degree&amp;quot;,0.0174532925199433]],PROJECTION[&amp;quot;Lambert_Conformal_Conic&amp;quot;],PARAMETER[&amp;quot;False_Easting&amp;quot;,984250.0],PARAMETER[&amp;quot;False_Northing&amp;quot;,0.0],PARAMETER[&amp;quot;Central_Meridian&amp;quot;,-74.0],PARAMETER[&amp;quot;Standard_Parallel_1&amp;quot;,40.66666666666666],PARAMETER[&amp;quot;Standard_Parallel_2&amp;quot;,41.03333333333333],PARAMETER[&amp;quot;Latitude_Of_Origin&amp;quot;,40.16666666666666],UNIT[&amp;quot;Foot_US&amp;quot;,0.3048006096012192],AUTHORITY[&amp;quot;EPSG&amp;quot;,2263]]&lt;/WKT&gt;&lt;XOrigin&gt;-120039300&lt;/XOrigin&gt;&lt;YOrigin&gt;-96540300&lt;/YOrigin&gt;&lt;XYScale&gt;37212589.015695661&lt;/XYScale&gt;&lt;ZOrigin&gt;-100000&lt;/ZOrigin&gt;&lt;ZScale&gt;10000&lt;/ZScale&gt;&lt;MOrigin&gt;-100000&lt;/MOrigin&gt;&lt;MScale&gt;10000&lt;/MScale&gt;&lt;XYTolerance&gt;0.0032808333333333331&lt;/XYTolerance&gt;&lt;ZTolerance&gt;0.001&lt;/ZTolerance&gt;&lt;MTolerance&gt;0.001&lt;/MTolerance&gt;&lt;HighPrecision&gt;true&lt;/HighPrecision&gt;&lt;WKID&gt;102718&lt;/WKID&gt;&lt;LatestWKID&gt;2263&lt;/LatestWKID&gt;&lt;/ProjectedCoordinateSystem&gt;</peXml></coordRef><lineage><Process ToolSource="c:\program files (x86)\arcgis\desktop10.2\ArcToolbox\Toolboxes\Conversion Tools.tbx\FeatureClassToFeatureClass" Date="20170215" Time="154444">FeatureClassToFeatureClass ODP_2015StreetTreesCensus_TREES J:\OPEX\Projects\NYC_Open_Data\_Deliverables\1b_ReleaseDrafts\TreesCount_2015_StreetTreeCensus\Fix_NTA_Name\SHP 2015StreetTreesCensus_TREES.shp # "tree_id "tree_id" true true false 10 Double 0 10 ,First,#,ODP_2015StreetTreesCensus_TREES,tree_id,-1,-1;block_id "block_id" true true false 10 Double 0 10 ,First,#,ODP_2015StreetTreesCensus_TREES,block_id,-1,-1;created_at "created_at" true true false 254 Text 0 0 ,First,#,ODP_2015StreetTreesCensus_TREES,created_at,-1,-1;tree_dbh "tree_dbh" true true false 10 Double 0 10 ,First,#,ODP_2015StreetTreesCensus_TREES,tree_dbh,-1,-1;stump_diam "stump_diam" true true false 10 Double 0 10 ,First,#,ODP_2015StreetTreesCensus_TREES,stump_diam,-1,-1;curb_loc "curb_loc" true true false 80 Text 0 0 ,First,#,ODP_2015StreetTreesCensus_TREES,curb_loc,-1,-1;status "status" true true false 80 Text 0 0 ,First,#,ODP_2015StreetTreesCensus_TREES,status,-1,-1;health "health" true true false 80 Text 0 0 ,First,#,ODP_2015StreetTreesCensus_TREES,health,-1,-1;spc_latin "spc_latin" true true false 254 Text 0 0 ,First,#,ODP_2015StreetTreesCensus_TREES,spc_latin,-1,-1;spc_common "spc_common" true true false 254 Text 0 0 ,First,#,ODP_2015StreetTreesCensus_TREES,spc_common,-1,-1;steward "steward" true true false 80 Text 0 0 ,First,#,ODP_2015StreetTreesCensus_TREES,steward,-1,-1;guards "guards" true true false 80 Text 0 0 ,First,#,ODP_2015StreetTreesCensus_TREES,guards,-1,-1;sidewalk "sidewalk" true true false 80 Text 0 0 ,First,#,ODP_2015StreetTreesCensus_TREES,sidewalk,-1,-1;user_type "user_type" true true false 16 Text 0 0 ,First,#,ODP_2015StreetTreesCensus_TREES,user_type,-1,-1;problems "problems" true true false 130 Text 0 0 ,First,#,ODP_2015StreetTreesCensus_TREES,problems,-1,-1;root_stone "root_stone" true true false 3 Text 0 0 ,First,#,ODP_2015StreetTreesCensus_TREES,root_stone,-1,-1;root_grate "root_grate" true true false 3 Text 0 0 ,First,#,ODP_2015StreetTreesCensus_TREES,root_grate,-1,-1;root_other "root_other" true true false 3 Text 0 0 ,First,#,ODP_2015StreetTreesCensus_TREES,root_other,-1,-1;trnk_wire "trnk_wire" true true false 3 Text 0 0 ,First,#,ODP_2015StreetTreesCensus_TREES,trnk_wire,-1,-1;trnk_light "trnk_light" true true false 3 Text 0 0 ,First,#,ODP_2015StreetTreesCensus_TREES,trnk_light,-1,-1;trnk_other "trnk_other" true true false 3 Text 0 0 ,First,#,ODP_2015StreetTreesCensus_TREES,trnk_other,-1,-1;brnch_ligh "brnch_ligh" true true false 3 Text 0 0 ,First,#,ODP_2015StreetTreesCensus_TREES,brnch_ligh,-1,-1;brnch_shoe "brnch_shoe" true true false 3 Text 0 0 ,First,#,ODP_2015StreetTreesCensus_TREES,brnch_shoe,-1,-1;brnch_othe "brnch_othe" true true false 3 Text 0 0 ,First,#,ODP_2015StreetTreesCensus_TREES,brnch_othe,-1,-1;address "address" true true false 50 Text 0 0 ,First,#,ODP_2015StreetTreesCensus_TREES,address,-1,-1;zipcode "zipcode" true true false 5 Text 0 0 ,First,#,ODP_2015StreetTreesCensus_TREES,zipcode,-1,-1;zip_city "zip_city" true true false 50 Text 0 0 ,First,#,ODP_2015StreetTreesCensus_TREES,zip_city,-1,-1;cb_num "cb_num" true true false 5 Text 0 0 ,First,#,ODP_2015StreetTreesCensus_TREES,cb_num,-1,-1;borocode "borocode" true true false 5 Text 0 0 ,First,#,ODP_2015StreetTreesCensus_TREES,borocode,-1,-1;boroname "boroname" true true false 254 Text 0 0 ,First,#,ODP_2015StreetTreesCensus_TREES,boroname,-1,-1;cncldist "cncldist" true true false 10 Double 0 10 ,First,#,ODP_2015StreetTreesCensus_TREES,cncldist,-1,-1;st_assem "st_assem" true true false 10 Double 0 10 ,First,#,ODP_2015StreetTreesCensus_TREES,st_assem,-1,-1;st_senate "st_senate" true true false 10 Double 0 10 ,First,#,ODP_2015StreetTreesCensus_TREES,st_senate,-1,-1;nta "nta" true true false 4 Text 0 0 ,First,#,ODP_2015StreetTreesCensus_TREES,nta,-1,-1;nta_name "nta_name" true true false 50 Text 0 0 ,First,#,ODP_2015StreetTreesCensus_TREES,nta_name,-1,-1;boro_ct "boro_ct" true true false 7 Text 0 0 ,First,#,ODP_2015StreetTreesCensus_TREES,boro_ct,-1,-1;state "state" true true false 8 Text 0 0 ,First,#,ODP_2015StreetTreesCensus_TREES,state,-1,-1;Latitude "Latitude" true true false 19 Double 0 0 ,First,#,ODP_2015StreetTreesCensus_TREES,Latitude,-1,-1;longitude "longitude" true true false 19 Double 0 0 ,First,#,ODP_2015StreetTreesCensus_TREES,longitude,-1,-1;x_sp "x_sp" true true false 19 Double 0 0 ,First,#,ODP_2015StreetTreesCensus_TREES,x_sp,-1,-1;y_sp "y_sp" true true false 19 Double 0 0 ,First,#,ODP_2015StreetTreesCensus_TREES,y_sp,-1,-1" #</Process></lineage></DataProperties><SyncDate>20170215</SyncDate><SyncTime>15415300</SyncTime><ModDate>20170215</ModDate><ModTime>15415300</ModTime></Esri><dataIdInfo><envirDesc Sync="TRUE">Microsoft Windows 7 Version 6.1 (Build 7601) Service Pack 1; Esri ArcGIS 10.2.2.3552</envirDesc><dataLang><languageCode value="eng" Sync="TRUE"></languageCode><countryCode value="USA" Sync="TRUE"></countryCode></dataLang><idCitation><resTitle Sync="TRUE">2015StreetTreesCensus_TREES</resTitle><presForm><PresFormCd value="005" Sync="TRUE"></PresFormCd></presForm></idCitation><spatRpType><SpatRepTypCd value="001" Sync="TRUE"></SpatRepTypCd></spatRpType></dataIdInfo><mdLang><languageCode value="eng" Sync="TRUE"></languageCode><countryCode value="USA" Sync="TRUE"></countryCode></mdLang><mdChar><CharSetCd value="004" Sync="TRUE"></CharSetCd></mdChar><distInfo><distFormat><formatName Sync="TRUE">Shapefile</formatName></distFormat><distTranOps><transSize Sync="TRUE">0.000</transSize></distTranOps></distInfo><mdHrLv><ScopeCd value="005" Sync="TRUE"></ScopeCd></mdHrLv><mdHrLvName Sync="TRUE">dataset</mdHrLvName><refSysInfo><RefSystem><refSysID><identCode code="2263" Sync="TRUE"></identCode><idCodeSpace Sync="TRUE">EPSG</idCodeSpace><idVersion Sync="TRUE">8.2.6</idVersion></refSysID></RefSystem></refSysInfo><spatRepInfo><VectSpatRep><geometObjs Name="2015StreetTreesCensus_TREES"><geoObjTyp><GeoObjTypCd value="004" Sync="TRUE"></GeoObjTypCd></geoObjTyp><geoObjCnt Sync="TRUE">0</geoObjCnt></geometObjs><topLvl><TopoLevCd value="001" Sync="TRUE"></TopoLevCd></topLvl></VectSpatRep></spatRepInfo><spdoinfo><ptvctinf><esriterm Name="2015StreetTreesCensus_TREES"><efeatyp Sync="TRUE">Simple</efeatyp><efeageom code="1" Sync="TRUE"></efeageom><esritopo Sync="TRUE">FALSE</esritopo><efeacnt Sync="TRUE">0</efeacnt><spindex Sync="TRUE">FALSE</spindex><linrefer Sync="TRUE">FALSE</linrefer></esriterm></ptvctinf></spdoinfo><eainfo><detailed Name="2015StreetTreesCensus_TREES"><enttyp><enttypl Sync="TRUE">2015StreetTreesCensus_TREES</enttypl><enttypt Sync="TRUE">Feature Class</enttypt><enttypc Sync="TRUE">0</enttypc></enttyp><attr><attrlabl Sync="TRUE">FID</attrlabl><attalias Sync="TRUE">FID</attalias><attrtype Sync="TRUE">OID</attrtype><attwidth Sync="TRUE">4</attwidth><atprecis Sync="TRUE">0</atprecis><attscale Sync="TRUE">0</attscale><attrdef Sync="TRUE">Internal feature number.</attrdef><attrdefs Sync="TRUE">Esri</attrdefs><attrdomv><udom Sync="TRUE">Sequential unique whole numbers that are automatically generated.</udom></attrdomv></attr><attr><attrlabl Sync="TRUE">Shape</attrlabl><attalias Sync="TRUE">Shape</attalias><attrtype Sync="TRUE">Geometry</attrtype><attwidth Sync="TRUE">0</attwidth><atprecis Sync="TRUE">0</atprecis><attscale Sync="TRUE">0</attscale><attrdef Sync="TRUE">Feature geometry.</attrdef><attrdefs Sync="TRUE">Esri</attrdefs><attrdomv><udom Sync="TRUE">Coordinates defining the features.</udom></attrdomv></attr><attr><attrlabl Sync="TRUE">tree_id</attrlabl><attalias Sync="TRUE">tree_id</attalias><attrtype Sync="TRUE">Double</attrtype><attwidth Sync="TRUE">10</attwidth><atprecis Sync="TRUE">10</atprecis><attscale Sync="TRUE">0</attscale></attr><attr><attrlabl Sync="TRUE">block_id</attrlabl><attalias Sync="TRUE">block_id</attalias><attrtype Sync="TRUE">Double</attrtype><attwidth Sync="TRUE">10</attwidth><atprecis Sync="TRUE">10</atprecis><attscale Sync="TRUE">0</attscale></attr><attr><attrlabl Sync="TRUE">created_at</attrlabl><attalias Sync="TRUE">created_at</attalias><attrtype Sync="TRUE">String</attrtype><attwidth Sync="TRUE">254</attwidth><atprecis Sync="TRUE">0</atprecis><attscale Sync="TRUE">0</attscale></attr><attr><attrlabl Sync="TRUE">tree_dbh</attrlabl><attalias Sync="TRUE">tree_dbh</attalias><attrtype Sync="TRUE">Double</attrtype><attwidth Sync="TRUE">10</attwidth><atprecis Sync="TRUE">10</atprecis><attscale Sync="TRUE">0</attscale></attr><attr><attrlabl Sync="TRUE">stump_diam</attrlabl><attalias Sync="TRUE">stump_diam</attalias><attrtype Sync="TRUE">Double</attrtype><attwidth Sync="TRUE">10</attwidth><atprecis Sync="TRUE">10</atprecis><attscale Sync="TRUE">0</attscale></attr><attr><attrlabl Sync="TRUE">curb_loc</attrlabl><attalias Sync="TRUE">curb_loc</attalias><attrtype Sync="TRUE">String</attrtype><attwidth Sync="TRUE">80</attwidth><atprecis Sync="TRUE">0</atprecis><attscale Sync="TRUE">0</attscale></attr><attr><attrlabl Sync="TRUE">status</attrlabl><attalias Sync="TRUE">status</attalias><attrtype Sync="TRUE">String</attrtype><attwidth Sync="TRUE">80</attwidth><atprecis Sync="TRUE">0</atprecis><attscale Sync="TRUE">0</attscale></attr><attr><attrlabl Sync="TRUE">health</attrlabl><attalias Sync="TRUE">health</attalias><attrtype Sync="TRUE">String</attrtype><attwidth Sync="TRUE">80</attwidth><atprecis Sync="TRUE">0</atprecis><attscale Sync="TRUE">0</attscale></attr><attr><attrlabl Sync="TRUE">spc_latin</attrlabl><attalias Sync="TRUE">spc_latin</attalias><attrtype Sync="TRUE">String</attrtype><attwidth Sync="TRUE">254</attwidth><atprecis Sync="TRUE">0</atprecis><attscale Sync="TRUE">0</attscale></attr><attr><attrlabl Sync="TRUE">spc_common</attrlabl><attalias Sync="TRUE">spc_common</attalias><attrtype Sync="TRUE">String</attrtype><attwidth Sync="TRUE">254</attwidth><atprecis Sync="TRUE">0</atprecis><attscale Sync="TRUE">0</attscale></attr><attr><attrlabl Sync="TRUE">steward</attrlabl><attalias Sync="TRUE">steward</attalias><attrtype Sync="TRUE">String</attrtype><attwidth Sync="TRUE">80</attwidth><atprecis Sync="TRUE">0</atprecis><attscale Sync="TRUE">0</attscale></attr><attr><attrlabl Sync="TRUE">guards</attrlabl><attalias Sync="TRUE">guards</attalias><attrtype Sync="TRUE">String</attrtype><attwidth Sync="TRUE">80</attwidth><atprecis Sync="TRUE">0</atprecis><attscale Sync="TRUE">0</attscale></attr><attr><attrlabl Sync="TRUE">sidewalk</attrlabl><attalias Sync="TRUE">sidewalk</attalias><attrtype Sync="TRUE">String</attrtype><attwidth Sync="TRUE">80</attwidth><atprecis Sync="TRUE">0</atprecis><attscale Sync="TRUE">0</attscale></attr><attr><attrlabl Sync="TRUE">user_type</attrlabl><attalias Sync="TRUE">user_type</attalias><attrtype Sync="TRUE">String</attrtype><attwidth Sync="TRUE">16</attwidth><atprecis Sync="TRUE">0</atprecis><attscale Sync="TRUE">0</attscale></attr><attr><attrlabl Sync="TRUE">problems</attrlabl><attalias Sync="TRUE">problems</attalias><attrtype Sync="TRUE">String</attrtype><attwidth Sync="TRUE">130</attwidth><atprecis Sync="TRUE">0</atprecis><attscale Sync="TRUE">0</attscale></attr><attr><attrlabl Sync="TRUE">root_stone</attrlabl><attalias Sync="TRUE">root_stone</attalias><attrtype Sync="TRUE">String</attrtype><attwidth Sync="TRUE">3</attwidth><atprecis Sync="TRUE">0</atprecis><attscale Sync="TRUE">0</attscale></attr><attr><attrlabl Sync="TRUE">root_grate</attrlabl><attalias Sync="TRUE">root_grate</attalias><attrtype Sync="TRUE">String</attrtype><attwidth Sync="TRUE">3</attwidth><atprecis Sync="TRUE">0</atprecis><attscale Sync="TRUE">0</attscale></attr><attr><attrlabl Sync="TRUE">root_other</attrlabl><attalias Sync="TRUE">root_other</attalias><attrtype Sync="TRUE">String</attrtype><attwidth Sync="TRUE">3</attwidth><atprecis Sync="TRUE">0</atprecis><attscale Sync="TRUE">0</attscale></attr><attr><attrlabl Sync="TRUE">trnk_wire</attrlabl><attalias Sync="TRUE">trnk_wire</attalias><attrtype Sync="TRUE">String</attrtype><attwidth Sync="TRUE">3</attwidth><atprecis Sync="TRUE">0</atprecis><attscale Sync="TRUE">0</attscale></attr><attr><attrlabl Sync="TRUE">trnk_light</attrlabl><attalias Sync="TRUE">trnk_light</attalias><attrtype Sync="TRUE">String</attrtype><attwidth Sync="TRUE">3</attwidth><atprecis Sync="TRUE">0</atprecis><attscale Sync="TRUE">0</attscale></attr><attr><attrlabl Sync="TRUE">trnk_other</attrlabl><attalias Sync="TRUE">trnk_other</attalias><attrtype Sync="TRUE">String</attrtype><attwidth Sync="TRUE">3</attwidth><atprecis Sync="TRUE">0</atprecis><attscale Sync="TRUE">0</attscale></attr><attr><attrlabl Sync="TRUE">brnch_ligh</attrlabl><attalias Sync="TRUE">brnch_ligh</attalias><attrtype Sync="TRUE">String</attrtype><attwidth Sync="TRUE">3</attwidth><atprecis Sync="TRUE">0</atprecis><attscale Sync="TRUE">0</attscale></attr><attr><attrlabl Sync="TRUE">brnch_shoe</attrlabl><attalias Sync="TRUE">brnch_shoe</attalias><attrtype Sync="TRUE">String</attrtype><attwidth Sync="TRUE">3</attwidth><atprecis Sync="TRUE">0</atprecis><attscale Sync="TRUE">0</attscale></attr><attr><attrlabl Sync="TRUE">brnch_othe</attrlabl><attalias Sync="TRUE">brnch_othe</attalias><attrtype Sync="TRUE">String</attrtype><attwidth Sync="TRUE">3</attwidth><atprecis Sync="TRUE">0</atprecis><attscale Sync="TRUE">0</attscale></attr><attr><attrlabl Sync="TRUE">address</attrlabl><attalias Sync="TRUE">address</attalias><attrtype Sync="TRUE">String</attrtype><attwidth Sync="TRUE">50</attwidth><atprecis Sync="TRUE">0</atprecis><attscale Sync="TRUE">0</attscale></attr><attr><attrlabl Sync="TRUE">zipcode</attrlabl><attalias Sync="TRUE">zipcode</attalias><attrtype Sync="TRUE">String</attrtype><attwidth Sync="TRUE">5</attwidth><atprecis Sync="TRUE">0</atprecis><attscale Sync="TRUE">0</attscale></attr><attr><attrlabl Sync="TRUE">zip_city</attrlabl><attalias Sync="TRUE">zip_city</attalias><attrtype Sync="TRUE">String</attrtype><attwidth Sync="TRUE">50</attwidth><atprecis Sync="TRUE">0</atprecis><attscale Sync="TRUE">0</attscale></attr><attr><attrlabl Sync="TRUE">cb_num</attrlabl><attalias Sync="TRUE">cb_num</attalias><attrtype Sync="TRUE">String</attrtype><attwidth Sync="TRUE">5</attwidth><atprecis Sync="TRUE">0</atprecis><attscale Sync="TRUE">0</attscale></attr><attr><attrlabl Sync="TRUE">borocode</attrlabl><attalias Sync="TRUE">borocode</attalias><attrtype Sync="TRUE">String</attrtype><attwidth Sync="TRUE">5</attwidth><atprecis Sync="TRUE">0</atprecis><attscale Sync="TRUE">0</attscale></attr><attr><attrlabl Sync="TRUE">boroname</attrlabl><attalias Sync="TRUE">boroname</attalias><attrtype Sync="TRUE">String</attrtype><attwidth Sync="TRUE">254</attwidth><atprecis Sync="TRUE">0</atprecis><attscale Sync="TRUE">0</attscale></attr><attr><attrlabl Sync="TRUE">cncldist</attrlabl><attalias Sync="TRUE">cncldist</attalias><attrtype Sync="TRUE">Double</attrtype><attwidth Sync="TRUE">10</attwidth><atprecis Sync="TRUE">10</atprecis><attscale Sync="TRUE">0</attscale></attr><attr><attrlabl Sync="TRUE">st_assem</attrlabl><attalias Sync="TRUE">st_assem</attalias><attrtype Sync="TRUE">Double</attrtype><attwidth Sync="TRUE">10</attwidth><atprecis Sync="TRUE">10</atprecis><attscale Sync="TRUE">0</attscale></attr><attr><attrlabl Sync="TRUE">st_senate</attrlabl><attalias Sync="TRUE">st_senate</attalias><attrtype Sync="TRUE">Double</attrtype><attwidth Sync="TRUE">10</attwidth><atprecis Sync="TRUE">10</atprecis><attscale Sync="TRUE">0</attscale></attr><attr><attrlabl Sync="TRUE">nta</attrlabl><attalias Sync="TRUE">nta</attalias><attrtype Sync="TRUE">String</attrtype><attwidth Sync="TRUE">4</attwidth><atprecis Sync="TRUE">0</atprecis><attscale Sync="TRUE">0</attscale></attr><attr><attrlabl Sync="TRUE">nta_name</attrlabl><attalias Sync="TRUE">nta_name</attalias><attrtype Sync="TRUE">String</attrtype><attwidth Sync="TRUE">50</attwidth><atprecis Sync="TRUE">0</atprecis><attscale Sync="TRUE">0</attscale></attr><attr><attrlabl Sync="TRUE">boro_ct</attrlabl><attalias Sync="TRUE">boro_ct</attalias><attrtype Sync="TRUE">String</attrtype><attwidth Sync="TRUE">7</attwidth><atprecis Sync="TRUE">0</atprecis><attscale Sync="TRUE">0</attscale></attr><attr><attrlabl Sync="TRUE">state</attrlabl><attalias Sync="TRUE">state</attalias><attrtype Sync="TRUE">String</attrtype><attwidth Sync="TRUE">8</attwidth><atprecis Sync="TRUE">0</atprecis><attscale Sync="TRUE">0</attscale></attr><attr><attrlabl Sync="TRUE">Latitude</attrlabl><attalias Sync="TRUE">Latitude</attalias><attrtype Sync="TRUE">Double</attrtype><attwidth Sync="TRUE">19</attwidth><atprecis Sync="TRUE">0</atprecis><attscale Sync="TRUE">0</attscale></attr><attr><attrlabl Sync="TRUE">longitude</attrlabl><attalias Sync="TRUE">longitude</attalias><attrtype Sync="TRUE">Double</attrtype><attwidth Sync="TRUE">19</attwidth><atprecis Sync="TRUE">0</atprecis><attscale Sync="TRUE">0</attscale></attr><attr><attrlabl Sync="TRUE">x_sp</attrlabl><attalias Sync="TRUE">x_sp</attalias><attrtype Sync="TRUE">Double</attrtype><attwidth Sync="TRUE">19</attwidth><atprecis Sync="TRUE">0</atprecis><attscale Sync="TRUE">0</attscale></attr><attr><attrlabl Sync="TRUE">y_sp</attrlabl><attalias Sync="TRUE">y_sp</attalias><attrtype Sync="TRUE">Double</attrtype><attwidth Sync="TRUE">19</attwidth><atprecis Sync="TRUE">0</atprecis><attscale Sync="TRUE">0</attscale></attr></detailed></eainfo><mdDateSt Sync="TRUE">20170215</mdDateSt></metadata>
